{
    "Shape_Elongation": [
        0.0778172263411587,
        0.9827709213069982
    ],
    "Shape_MajorAxisLength": [
        12.46578987409435,
        260.5989668558159
    ],
    "Shape_MaximumDiameter": [
        12.649110640673518,
        232.0193957409596
    ],
    "Shape_MeshSurface": [
        81.5,
        21512.5
    ],
    "Shape_MinorAxisLength": [
        8.25877068280726,
        143.6158533062541
    ],
    "Shape_Perimeter": [
        34.97056274847713,
        800.7249634685302
    ],
    "Shape_PerimeterSurfaceRatio": [
        0.0282839249814652,
        0.4290866594905169
    ],
    "Shape_PixelSurface": [
        82.0,
        21513.0
    ],
    "Shape_Sphericity": [
        0.412054403320431,
        0.9253990706433606
    ],
    "Hist_10Percentile": [
        21.0,
        219.0
    ],
    "Hist_90Percentile": [
        82.0,
        255.0
    ],
    "Hist_Energy": [
        769258.0,
        736191599.0
    ],
    "Hist_Entropy": [
        4.30091335794194,
        6.847292712301979
    ],
    "Hist_InterquartileRange": [
        5.0,
        127.0
    ],
    "Hist_Kurtosis": [
        1.5725650976083465,
        6.50528084722304
    ],
    "Hist_Maximum": [
        95.0,
        255.0
    ],
    "Hist_MeanAbsoluteDeviation": [
        4.056583724631334,
        59.97634122979942
    ],
    "Hist_Mean": [
        56.03703703703704,
        238.57416267942585
    ],
    "Hist_Median": [
        55.0,
        247.0
    ],
    "Hist_Minimum": [
        5.0,
        185.0
    ],
    "Hist_Range": [
        55.0,
        240.0
    ],
    "Hist_RobustMeanAbsoluteDeviation": [
        2.612767554786577,
        49.81538438452709
    ],
    "Hist_RootMeanSquared": [
        59.677295763377465,
        239.40982060257457
    ],
    "Hist_Skewness": [
        -1.6151590784403227,
        0.7791842257699443
    ],
    "Hist_TotalEnergy": [
        769258.0,
        736191599.0
    ],
    "Hist_Uniformity": [
        0.0093988248477846,
        0.1314748157234433
    ],
    "Hist_Variance": [
        31.788154842930183,
        4614.316232616019
    ],
    "GLCM_Autocorrelation": [
        3095.5256761330747,
        12455.532931434627
    ],
    "GLCM_ClusterProminence": [
        1347637.0593800866,
        61703636.1687538
    ],
    "GLCM_ClusterShade": [
        -300435.03501975327,
        139366.8982445672
    ],
    "GLCM_ClusterTendency": [
        471.2425367617281,
        5969.292194915506
    ],
    "GLCM_Contrast": [
        14.055016233914673,
        599.5439634607412
    ],
    "GLCM_Correlation": [
        0.5984105324988732,
        0.9936237209737284
    ],
    "GLCM_DifferenceAverage": [
        2.678530464675501,
        18.124511047930653
    ],
    "GLCM_DifferenceEntropy": [
        2.788430243877875,
        5.1364509023568345
    ],
    "GLCM_DifferenceVariance": [
        6.617105022621123,
        236.3509806530734
    ],
    "GLCM_Id": [
        0.1251926869578542,
        0.4607444849769096
    ],
    "GLCM_Idm": [
        0.0603108129603493,
        0.4097887443242256
    ],
    "GLCM_Idmn": [
        0.9678231771686292,
        0.9991462173488634
    ],
    "GLCM_Idn": [
        0.8836609859753829,
        0.9798840567866298
    ],
    "GLCM_Imc1": [
        -0.7327794310690605,
        -0.2409569054536575
    ],
    "GLCM_Imc2": [
        0.9616299498737686,
        0.9999439517003588
    ],
    "GLCM_InverseVariance": [
        0.0351990303967893,
        0.3254769213844004
    ],
    "GLCM_JointAverage": [
        49.02532615253907,
        109.61220397002135
    ],
    "GLCM_JointEnergy": [
        0.0005458146788873,
        0.105585308300931
    ],
    "GLCM_JointEntropy": [
        6.852719509666217,
        11.273613918329907
    ],
    "GLCM_MCC": [
        0.8060036135091967,
        0.9970795181838992
    ],
    "GLCM_MaximumProbability": [
        0.0020255311525932,
        0.3209718028814509
    ],
    "GLCM_SumAverage": [
        98.05065230507816,
        219.2244079400428
    ],
    "GLCM_SumEntropy": [
        5.4483316436270455,
        7.852902083079055
    ],
    "GLCM_SumSquares": [
        123.78729319411693,
        1509.983157755972
    ],
    "GLSZM_GrayLevelNonUniformity": [
        1.7671232876712328,
        387.2672217000134
    ],
    "GLSZM_GrayLevelNonUniformityNormalized": [
        0.009076645421436,
        0.0520031182623893
    ],
    "GLSZM_GrayLevelVariance": [
        195.1378551215393,
        1402.4347225336014
    ],
    "GLSZM_HighGrayLevelZoneEmphasis": [
        3146.791044776119,
        10388.042857142857
    ],
    "GLSZM_LargeAreaEmphasis": [
        1.207729468599034,
        148.05614973262033
    ],
    "GLSZM_LargeAreaHighGrayLevelEmphasis": [
        4385.692307692308,
        2416688.639037433
    ],
    "GLSZM_LargeAreaLowGrayLevelEmphasis": [
        0.0007141187219544,
        0.0704786198778997
    ],
    "GLSZM_LowGrayLevelZoneEmphasis": [
        0.0004041882498293,
        0.0174922122287664
    ],
    "GLSZM_SizeZoneNonUniformity": [
        61.73972602739726,
        6152.317754077792
    ],
    "GLSZM_SizeZoneNonUniformityNormalized": [
        0.3311291111410477,
        0.8996371882086168
    ],
    "GLSZM_SmallAreaEmphasis": [
        0.5947278049396645,
        0.9588030059044552
    ],
    "GLSZM_SmallAreaHighGrayLevelEmphasis": [
        1969.108014277646,
        8583.69908730159
    ],
    "GLSZM_SmallAreaLowGrayLevelEmphasis": [
        0.0003446847481974,
        0.0174497439848122
    ],
    "GLSZM_ZoneEntropy": [
        5.668468204776301,
        8.362930576671937
    ],
    "GLSZM_ZonePercentage": [
        0.353625528277696,
        0.9409090909090908
    ],
    "GLSZM_ZoneVariance": [
        0.0781815211556862,
        144.85645142840804
    ]
}